<?xml version="1.0" encoding="utf-8"?>
<extension type="module" version="4.4" client="site" method="upgrade">
  <name>MOD_SHEETTOTABLE</name>
  <creationDate>Today</creationDate>
  <author>Me</author>
  <authorEmail>email</authorEmail>
  <authorUrl>web</authorUrl>
  <copyright>(C) 2024 Open Source Matters, Inc.</copyright>
  <license>GNU General Public License version 2 or later</license>
  <namespace path="src">My\Module\sheettotable</namespace>
  <version>1.0.0</version>
  <description><![CDATA[MOD_SHEETTOTABLE_XML_DESCRIPTION]]></description>
  <files>
      <folder module="mod_sheettotable">services</folder>
      <folder>language</folder>
      <folder>src</folder>
      <folder>tmpl</folder>
      <file>mod_sheettotable.xml</file>
  </files>
  <languages>
      <language tag="en-GB">language/en-GB/mod_sheettotable.ini</language>
      <language tag="en-GB">language/en-GB/mod_sheettotable.sys.ini</language>
  </languages>
   <config>
      <fields name="params">
          <fieldset name="basic" addfieldprefix="My\Module\sheettotable\Site\Field">
            <field name="my-message" type="text" label="MOD_SHEETTOTABLE_FIELD_MY_MESSAGE_LABEL" description="MOD_SHEETTOTABLE_FIELD_MY_MESSAGE_DESC" />
          </fieldset>
      </fields>
  </config>
</extension>