 <?xml version="1.0" encoding="utf-8"?>
<extension type="module" version="4.0" client="site" method="upgrade">
    <name>mod_sheettotable</name>
    <title>Sheet To Table</title>
    <description>Δυναμικό module που εμφανίζει πίνακες από SQL queries με παράμετρο CSS</description>
    <version>1.0.0</version>
    <author>OpenAI ChatGPT</author>
    <files>
        <filename module="mod_sheettotable">mod_sheettotable.php</filename>
        <filename>helper.php</filename>
        <folder>tmpl</folder>
    </files>
    <config>
        <fields name="params">
            <fieldset name="basic" label="Βασικές Ρυθμίσεις">
                <field
                    name="custom_sql"
                    type="textarea"
                    label="SQL Query"
                    description="Γράψε εδώ το SQL query που θέλεις να εκτελεστεί"
                    rows="5"
                    cols="50"
                />
                <field
                    name="custom_css"
                    type="textarea"
                    label="Custom CSS"
                    description="Προαιρετικό CSS για αυτό το instance"
                    rows="5"
                    cols="50"
                />
            </fieldset>
        </fields>
    </config>
</extension>